name,path,line
acl,/Users/ariefdarmawan/Go/src/github.com/eaciit/acl,4107
alokasi,/Users/ariefdarmawan/Go/src/github.com/eaciit/alokasi,6712
alur,/Users/ariefdarmawan/Go/src/github.com/eaciit/alur,16341
appconfig,/Users/ariefdarmawan/Go/src/github.com/eaciit/appconfig,248
appserver,/Users/ariefdarmawan/Go/src/github.com/eaciit/appserver,32007
asn1-ber,/Users/ariefdarmawan/Go/src/github.com/eaciit/asn1-ber,1859
cast,/Users/ariefdarmawan/Go/src/github.com/eaciit/cast,384
clit,/Users/ariefdarmawan/Go/src/github.com/eaciit/clit,407
colony-app,/Users/ariefdarmawan/Go/src/github.com/eaciit/colony-app,189
colony-core,/Users/ariefdarmawan/Go/src/github.com/eaciit/colony-core,722
colony-manager,/Users/ariefdarmawan/Go/src/github.com/eaciit/colony-manager,118421
config,/Users/ariefdarmawan/Go/src/github.com/eaciit/config,194
configlist,/Users/ariefdarmawan/Go/src/github.com/eaciit/configlist,413
crowd,/Users/ariefdarmawan/Go/src/github.com/eaciit/crowd,16949
crowd.dev,/Users/ariefdarmawan/Go/src/github.com/eaciit/crowd.dev,15990
dbox,/Users/ariefdarmawan/Go/src/github.com/eaciit/dbox,24092
ecbg,/Users/ariefdarmawan/Go/src/github.com/eaciit/ecbg,375
efs,/Users/ariefdarmawan/Go/src/github.com/eaciit/efs,183126
errorlib,/Users/ariefdarmawan/Go/src/github.com/eaciit/errorlib,14
fieldrem,/Users/ariefdarmawan/Go/src/github.com/eaciit/fieldrem,81
find,/Users/ariefdarmawan/Go/src/github.com/eaciit/find,92
flexdremio,/Users/ariefdarmawan/Go/src/github.com/eaciit/flexdremio,168
flexmgo,/Users/ariefdarmawan/Go/src/github.com/eaciit/flexmgo,1209
flexmy,/Users/ariefdarmawan/Go/src/github.com/eaciit/flexmy,379
flexpg,/Users/ariefdarmawan/Go/src/github.com/eaciit/flexpg,298
glow,/Users/ariefdarmawan/Go/src/github.com/eaciit/glow,130763
goattach,/Users/ariefdarmawan/Go/src/github.com/eaciit/goattach,831
goavro,/Users/ariefdarmawan/Go/src/github.com/eaciit/goavro,6472
goha,/Users/ariefdarmawan/Go/src/github.com/eaciit/goha,117106
goqil,/Users/ariefdarmawan/Go/src/github.com/eaciit/goqil,6277
goquery,/Users/ariefdarmawan/Go/src/github.com/eaciit/goquery,13351
gora,/Users/ariefdarmawan/Go/src/github.com/eaciit/gora,545
hdc,/Users/ariefdarmawan/Go/src/github.com/eaciit/hdc,3378
hdfs,/Users/ariefdarmawan/Go/src/github.com/eaciit/hdfs,34414
kingpin,/Users/ariefdarmawan/Go/src/github.com/eaciit/kingpin,5486
knot,/Users/ariefdarmawan/Go/src/github.com/eaciit/knot,240612
labs,/Users/ariefdarmawan/Go/src/github.com/eaciit/labs,803
ldap,/Users/ariefdarmawan/Go/src/github.com/eaciit/ldap,4812
live,/Users/ariefdarmawan/Go/src/github.com/eaciit/live,376628
mq,/Users/ariefdarmawan/Go/src/github.com/eaciit/mq,57003
mvc,/Users/ariefdarmawan/Go/src/github.com/eaciit/mvc,65
orm,/Users/ariefdarmawan/Go/src/github.com/eaciit/orm,74047
ormgen,/Users/ariefdarmawan/Go/src/github.com/eaciit/ormgen,73565
pakpos,/Users/ariefdarmawan/Go/src/github.com/eaciit/pakpos,2166
parallel,/Users/ariefdarmawan/Go/src/github.com/eaciit/parallel,222
pecel,/Users/ariefdarmawan/Go/src/github.com/eaciit/pecel,1930
pque,/Users/ariefdarmawan/Go/src/github.com/eaciit/pque,222
sebar,/Users/ariefdarmawan/Go/src/github.com/eaciit/sebar,1016
sebarmod,/Users/ariefdarmawan/Go/src/github.com/eaciit/sebarmod,17471
sedotan,/Users/ariefdarmawan/Go/src/github.com/eaciit/sedotan,432395
sequencenumber,/Users/ariefdarmawan/Go/src/github.com/eaciit/sequencenumber,238
serde,/Users/ariefdarmawan/Go/src/github.com/eaciit/serde,7
sqlh,/Users/ariefdarmawan/Go/src/github.com/eaciit/sqlh,31415
sshclient,/Users/ariefdarmawan/Go/src/github.com/eaciit/sshclient,1086
svgo,/Users/ariefdarmawan/Go/src/github.com/eaciit/svgo,16738
tbsalesxt,/Users/ariefdarmawan/Go/src/github.com/eaciit/tbsalesxt,133
textsearch,/Users/ariefdarmawan/Go/src/github.com/eaciit/textsearch,219
toolkit,/Users/ariefdarmawan/Go/src/github.com/eaciit/toolkit,4927
uklam,/Users/ariefdarmawan/Go/src/github.com/eaciit/uklam,384
webtemplate,/Users/ariefdarmawan/Go/src/github.com/eaciit/webtemplate,110417
alur,/Users/ariefdarmawan/Go/src/git.eaciitapp.com/sebar/alur,46230
apibuilder,/Users/ariefdarmawan/Go/src/git.eaciitapp.com/sebar/apibuilder,256
atur,/Users/ariefdarmawan/Go/src/git.eaciitapp.com/sebar/atur,706
avuewsome,/Users/ariefdarmawan/Go/src/git.eaciitapp.com/sebar/avuewsome,3410944
crowd,/Users/ariefdarmawan/Go/src/git.eaciitapp.com/sebar/crowd,38488
dbflex,/Users/ariefdarmawan/Go/src/git.eaciitapp.com/sebar/dbflex,75519
kanosim,/Users/ariefdarmawan/Go/src/git.eaciitapp.com/sebar/kanosim,801
keepalive,/Users/ariefdarmawan/Go/src/git.eaciitapp.com/sebar/keepalive,6966069
knot,/Users/ariefdarmawan/Go/src/git.eaciitapp.com/sebar/knot,4317
mandor,/Users/ariefdarmawan/Go/src/git.eaciitapp.com/sebar/mandor,231
toko,/Users/ariefdarmawan/Go/src/git.eaciitapp.com/sebar/toko,2258879
